INSERT INTO items (id, name, level, type, img_url, description) VALUES (44, 'Épée de Boisaille', 7, 'Épée', 'https://api.dofusdb.fr/img/items/6007.png', 'Épée de simple facture, elle ne fera pas de votre héros une légende.') ON CONFLICT (id) DO NOTHING;
INSERT INTO items (id, name, level, type, img_url, description) VALUES (303, 'Bois de Frêne', 1, 'Bois', 'https://api.dofusdb.fr/img/items/38017.png', 'Le Bois de Frêne n''est pas un bois de qualité, mais il est abondant et pousse relativement vite. Attention tout de même à ne pas le stocker près d''une forte source de chaleur, il est inflammable.') ON CONFLICT (id) DO NOTHING;
INSERT INTO items (id, name, level, type, img_url, description) VALUES (16512, 'Plume Chimérique', 1, 'Plume', 'https://api.dofusdb.fr/img/items/53661.png', 'Tentez donc d''attraper la plume d''un Tofu Chimérique en lui courant après, ça vous fera les jambes !') ON CONFLICT (id) DO NOTHING;
INSERT INTO items (id, name, level, type, img_url, description) VALUES (49, 'Épée de Fouraille', 15, 'Épée', 'https://api.dofusdb.fr/img/items/6002.png', 'Une épée bien forgée, intéressante pour les novices.') ON CONFLICT (id) DO NOTHING;
INSERT INTO items (id, name, level, type, img_url, description) VALUES (377, 'Épine du Champ Champ', 18, 'Champignon', 'https://api.dofusdb.fr/img/items/15049.png', 'Cette épine venimeuse protège le Champ Champ des attaques au corps à corps, mais l''empêche en revanche de faire des câlins sans tuer ceux qu''il aime. Heureusement pour lui, le Champ Champ utilise du Sporme qu''il envoie à distance pour se reproduire.') ON CONFLICT (id) DO NOTHING;
INSERT INTO items (id, name, level, type, img_url, description) VALUES (1673, 'Patte d''Arakne Magique', 18, 'Patte', 'https://api.dofusdb.fr/img/items/103392.png', 'Cette patte d''Arakne, n''est pas comme toutes les autres, elle bouge toute seule et semble pleine de vie, même une fois arrachée à sa maîtresse. Une nouvelle vie pourrait commencer pour cette patte qui semble attirée par la couture.') ON CONFLICT (id) DO NOTHING;
INSERT INTO items (id, name, level, type, img_url, description) VALUES (55, 'Épée d''Alle', 26, 'Épée', 'https://api.dofusdb.fr/img/items/6001.png', 'Cette épée très prisée des jeunes Iops vous permettra peut-être de faire vos preuves. Mais attention, ne vous attachez pas à elle, car on finit toujours par perdre l''épée d''Alle.') ON CONFLICT (id) DO NOTHING;
INSERT INTO items (id, name, level, type, img_url, description) VALUES (300, 'Graine de Pavot', 18, 'Graine', 'https://api.dofusdb.fr/img/items/58011.png', 'Cette graine confère des vertus hallucinogènes aux pains prisés des aventuriers qui désirent se reposer après un combat difficile.') ON CONFLICT (id) DO NOTHING;
INSERT INTO items (id, name, level, type, img_url, description) VALUES (364, 'Peau de Larve Verte', 18, 'Peau', 'https://api.dofusdb.fr/img/items/59034.png', 'Cette peau toute lisse constitue un excellent ingrédient pour les potions magiques.') ON CONFLICT (id) DO NOTHING;
INSERT INTO items (id, name, level, type, img_url, description) VALUES (2659, 'Pétale de Tournesol Sauvage', 18, 'Fleur', 'https://api.dofusdb.fr/img/items/35632.png', 'Ce pétale bouge. Oui, il bouge en fonction du soleil. Mettez-le dans votre poche droite le matin, il sera dans votre poche gauche le soir venu.') ON CONFLICT (id) DO NOTHING;
INSERT INTO items (id, name, level, type, img_url, description) VALUES (58, 'La Triste Lame', 21, 'Épée', 'https://api.dofusdb.fr/img/items/6005.png', 'Il s''agit d''une épée ayant baigné dans les larmes d''un jeune Mulou. Beaucoup de guerriers pensent qu''ainsi bénie, leur arme apportera chance et courage sur les champs de bataille.') ON CONFLICT (id) DO NOTHING;
INSERT INTO items (id, name, level, type, img_url, description) VALUES (306, 'Fleur de Pissenlit Diabolique', 18, 'Fleur', 'https://api.dofusdb.fr/img/items/35018.png', 'Correctement bouillie puis séchée, cette fleur perd ses propriétés toxiques et peut se consommer en tisane, mais la fleur de Pissenlit Diabolique est surtout utilisée pour amuser la jeunesse en quête de romantisme. En effet, qui n''a jamais soufflé sur une fleur de Pissenlit Diabolique pour envoyer dans le cou de l''être tant convoité, ces magnifiques graines, douces comme la caresse d''une éclaircie sur les feuilles d''un charme encore imprégnées de rosée ? Peut-être les Iops, qui au lieu de souffler, ont tendance à aspirer les graines et à s''étouffer lamentablement dans d''atroces convulsions.') ON CONFLICT (id) DO NOTHING;
INSERT INTO items (id, name, level, type, img_url, description) VALUES (747, 'Aluminite', 20, 'Alliage', 'https://api.dofusdb.fr/img/items/40660.png', 'Cet alliage est d''une légèreté impressionnante, ce qui en fait un métal de choix pour les petites dagues ou les épées courtes.') ON CONFLICT (id) DO NOTHING;
INSERT INTO items (id, name, level, type, img_url, description) VALUES (62, 'Épée d''Ha', 17, 'Épée', 'https://api.dofusdb.fr/img/items/6006.png', 'Conçue par un forgeron qui voyait double, cette épée est très populaire à Brâkmar. Il n''y a pas un milicien qui ne s''écrie « Je veux mon épée d''Ha ! » Sa seule vue fait loucher le plus courageux des adversaires.') ON CONFLICT (id) DO NOTHING;
INSERT INTO items (id, name, level, type, img_url, description) VALUES (366, 'Bec du Tofu', 13, 'Os', 'https://api.dofusdb.fr/img/items/47037.png', 'Ce ridicule petit bec de Tofu, d''apparence anodine, est cependant très aiguisé. Les archers d''Amakna les utilisent depuis des lustres comme pointes de flèches.') ON CONFLICT (id) DO NOTHING;
INSERT INTO items (id, name, level, type, img_url, description) VALUES (65, 'Goultard', 40, 'Épée', 'https://api.dofusdb.fr/img/items/6017.png', 'L''épée Goultard a été trempée dans le sang d''un Dragon Cochon. Le héros qui supportera l''odeur dégagée par cette puissante épée pourra se hisser à la hauteur des plus grands.') ON CONFLICT (id) DO NOTHING;
INSERT INTO items (id, name, level, type, img_url, description) VALUES (407, 'Pic de Prespic', 26, 'Os', 'https://api.dofusdb.fr/img/items/47134.png', 'Pour se piquer au jeu de cache-cache, rien de mieux qu''un pic de prespic.') ON CONFLICT (id) DO NOTHING;
INSERT INTO items (id, name, level, type, img_url, description) VALUES (881, 'Laine de Ramane Strubien', 23, 'Laine', 'https://api.dofusdb.fr/img/items/57208.png', 'Cette laine est extrêmement douce, car elle provient du duvet d''un Ramane. Attention tout de même, elle est encore imprégnée d''une odeur qui pourrait inciter la mère du Ramane à vous lécher de la tête aux pieds.') ON CONFLICT (id) DO NOTHING;
INSERT INTO items (id, name, level, type, img_url, description) VALUES (6841, 'Œil de Pikdoa', 26, 'Œil', 'https://api.dofusdb.fr/img/items/25151.png', 'Collé à un costume d''Halouine, cet œil simulera à merveille une tumeur cancéreuse.') ON CONFLICT (id) DO NOTHING;
INSERT INTO items (id, name, level, type, img_url, description) VALUES (66, 'La crinière de Badoul', 33, 'Épée', 'https://api.dofusdb.fr/img/items/6011.png', 'Cette épée appartenait au célèbre Badoul, vaillant guerrier ayant perdu la boule lors d''un combat.') ON CONFLICT (id) DO NOTHING;
INSERT INTO items (id, name, level, type, img_url, description) VALUES (387, 'Défense du Sanglier', 24, 'Os', 'https://api.dofusdb.fr/img/items/47059.png', 'Cette défense permet au Sanglier de se défendre et accessoirement de curer son groin débusqueur de glands. N''oubliez donc pas de la nettoyer à l''eau vive avant d''en faire de la poudre.') ON CONFLICT (id) DO NOTHING;
INSERT INTO items (id, name, level, type, img_url, description) VALUES (885, 'Laine de Boufton Noir', 26, 'Laine', 'https://api.dofusdb.fr/img/items/57210.png', 'Cette laine rugueuse n''est pas très utilisée par les tailleurs, elle est en revanche très appréciée des Enutrofs, qui s''en servent pour cacher leur calvitie naissante.') ON CONFLICT (id) DO NOTHING;
INSERT INTO items (id, name, level, type, img_url, description) VALUES (2468, 'Estomac de Ouassingue', 36, 'Ressource diverse', 'https://api.dofusdb.fr/img/items/15506.png', 'À l''intérieur de cet estomac se cache une surprise. Petit doigt d''Enutrof, bout de nez d''Osamodas... On pourrait quasiment se reconstruire un héros avec tous ces morceaux.') ON CONFLICT (id) DO NOTHING;
INSERT INTO items (id, name, level, type, img_url, description) VALUES (67, 'Le Tranchant Infernal', 22, 'Épée', 'https://api.dofusdb.fr/img/items/6013.png', 'Tranchante et infernale : tels ont été les mots de la succube qui l''a forgée. À moins que ce ne soit les mots utilisés par Vald pour décrire sa sœur, plus personne ne sait.') ON CONFLICT (id) DO NOTHING;
INSERT INTO items (id, name, level, type, img_url, description) VALUES (2455, 'Sang de Bouftou', 19, 'Liquide', 'https://api.dofusdb.fr/img/items/15499.png', 'Impossible d''aller chasser sans se passer de ce Sang de Bouftou tellement son odeur attire les Bouftous les plus gros. Il attire aussi très efficacement les Moskitos sans que l''on sache encore pourquoi.') ON CONFLICT (id) DO NOTHING;
INSERT INTO items (id, name, level, type, img_url, description) VALUES (6899, 'Plume de Piou Vert', 13, 'Plume', 'https://api.dofusdb.fr/img/items/53116.png', 'Cette petite plume de Piou a été directement arrachée du derrière d''un pauvre Piou qui n''avait rien demandé.') ON CONFLICT (id) DO NOTHING;
INSERT INTO items (id, name, level, type, img_url, description) VALUES (13487, 'Serviette de Plage', 18, 'Étoffe', 'https://api.dofusdb.fr/img/items/55130.png', 'Cette serviette peut être utilisée pour accompagner les bains de soleil, pour frictionner les corps bronzés des Sadidettes ou pour éponger les dettes de jeu des Ecaflips. Son pouvoir absorbant en fait aussi une excellente serpillière.') ON CONFLICT (id) DO NOTHING;
INSERT INTO items (id, name, level, type, img_url, description) VALUES (70, 'Amulette du Hibou', 8, 'Amulette', 'https://api.dofusdb.fr/img/items/1001.png', 'Cette amulette augmente l''intelligence de son porteur.') ON CONFLICT (id) DO NOTHING;
INSERT INTO items (id, name, level, type, img_url, description) VALUES (385, 'Bave de Bouftou', 7, 'Liquide', 'https://api.dofusdb.fr/img/items/15057.png', 'Cette bave purulente tire son odeur du fait que le Bouftou passe son temps à se lécher la laine, ce qui est également à l''origine de l''haleine exécrable du Bouftou.') ON CONFLICT (id) DO NOTHING;
INSERT INTO items (id, name, level, type, img_url, description) VALUES (16524, 'Relique d''Incarnam', 5, 'Ressource diverse', 'https://api.dofusdb.fr/img/items/164068.png', 'Si l''on en croit la légende, ces reliques auraient le pouvoir de ramener les morts à la vie. Cependant, quand on voit les Chafers d''Incarnam, on peut douter de leur efficacité...') ON CONFLICT (id) DO NOTHING;
INSERT INTO items (id, name, level, type, img_url, description) VALUES (77, 'Amulette de l''Ours', 8, 'Amulette', 'https://api.dofusdb.fr/img/items/1005.png', 'Cette amulette augmente la force de son porteur.') ON CONFLICT (id) DO NOTHING;
INSERT INTO items (id, name, level, type, img_url, description) VALUES (1984, 'Cendres Éternelles', 1, 'Poudre', 'https://api.dofusdb.fr/img/items/48671.png', 'Voilà tout ce qui reste d''une âme infortunée qui a croisé votre route. La créature a commis l''erreur de penser qu''en étant dénuée de corps, elle pourrait vous échapper. Tant de naïveté vous fait sourire.') ON CONFLICT (id) DO NOTHING;
INSERT INTO items (id, name, level, type, img_url, description) VALUES (84, 'Amulette du Mulou', 8, 'Amulette', 'https://api.dofusdb.fr/img/items/1006.png', 'Cette amulette augmente la vitalité de son porteur.') ON CONFLICT (id) DO NOTHING;
INSERT INTO items (id, name, level, type, img_url, description) VALUES (91, 'Arc de Boisaille', 7, 'Arc', 'https://api.dofusdb.fr/img/items/2001.png', 'Arc de simple facture, il ne fera pas de votre héros une légende.') ON CONFLICT (id) DO NOTHING;
INSERT INTO items (id, name, level, type, img_url, description) VALUES (421, 'Ortie', 1, 'Plante', 'https://api.dofusdb.fr/img/items/36642.png', 'À chacun de ses anniversaires, il est de coutume de pousser mémé dans un champ de cette plante.') ON CONFLICT (id) DO NOTHING;
INSERT INTO items (id, name, level, type, img_url, description) VALUES (16522, 'Peau de Gloot', 2, 'Peau', 'https://api.dofusdb.fr/img/items/164066.png', 'Tel un ballon de baudruche, cette peau renferme l''eau qui permet aux Gloots de survivre. Si vous voulez en venir à bout, une simple aiguille devrait suffire.') ON CONFLICT (id) DO NOTHING;
INSERT INTO items (id, name, level, type, img_url, description) VALUES (97, 'Dagues de Boisaille', 7, 'Dague', 'https://api.dofusdb.fr/img/items/5010.png', 'Dagues de simple facture, elles ne feront pas de votre héros une légende.') ON CONFLICT (id) DO NOTHING;
INSERT INTO items (id, name, level, type, img_url, description) VALUES (16515, 'Queue de Chapardam', 4, 'Queue', 'https://api.dofusdb.fr/img/items/65767.png', 'Portée en écharpe ou utilisée comme un fouet, cette queue saura trouver de multiple fonctions entre vos mains expertes.') ON CONFLICT (id) DO NOTHING;
INSERT INTO items (id, name, level, type, img_url, description) VALUES (103, 'Anneau de Sagesse', 9, 'Anneau', 'https://api.dofusdb.fr/img/items/9007.png', 'Cet anneau renforce la sagesse de son porteur.') ON CONFLICT (id) DO NOTHING;
INSERT INTO items (id, name, level, type, img_url, description) VALUES (310, 'Os de Chafer', 5, 'Os', 'https://api.dofusdb.fr/img/items/47015.png', 'Cet os est presque incassable, mais il devient tout mou au contact de l''eau, ce qui facilite son utilisation par les alchimistes.') ON CONFLICT (id) DO NOTHING;
INSERT INTO items (id, name, level, type, img_url, description) VALUES (112, 'Anneau de Chance', 9, 'Anneau', 'https://api.dofusdb.fr/img/items/9009.png', 'Cet anneau renforce la chance de son porteur.') ON CONFLICT (id) DO NOTHING;
INSERT INTO items (id, name, level, type, img_url, description) VALUES (16523, 'Volve d''Aminite', 5, 'Champignon', 'https://api.dofusdb.fr/img/items/119014.png', 'Si vous vous demandez ce qu''est une volve, c''est que vous devez être un homme, assurément.') ON CONFLICT (id) DO NOTHING;
INSERT INTO items (id, name, level, type, img_url, description) VALUES (121, 'Anneau d''Agilité', 9, 'Anneau', 'https://api.dofusdb.fr/img/items/9001.png', 'Cet anneau augmente l''agilité de son porteur.') ON CONFLICT (id) DO NOTHING;
INSERT INTO items (id, name, level, type, img_url, description) VALUES (312, 'Fer', 1, 'Minerai', 'https://api.dofusdb.fr/img/items/39024.png', 'Le fer est très utile pour les forgerons et pour ceux qui utilisent du métal, certains s''en servent même pour repasser.') ON CONFLICT (id) DO NOTHING;
INSERT INTO items (id, name, level, type, img_url, description) VALUES (127, 'Bottes de Bowisse', 50, 'Bottes', 'https://api.dofusdb.fr/img/items/11002.png', 'Ces bottes exceptionnelles vous permettront de gagner un point de mouvement durant les combats.
Attention cependant aux odeurs qu''elles dégagent, car elles ont appartenu au tristement célèbre Bowisse.') ON CONFLICT (id) DO NOTHING;
INSERT INTO items (id, name, level, type, img_url, description) VALUES (2571, 'Patte de Tofukaz', 36, 'Patte', 'https://api.dofusdb.fr/img/items/103577.png', 'Comment un Tofukaz, et vous devez vous poser sûrement la même question, fait-il pour être aussi agile avec ces deux malheureux doigts de patte? Le mystère reste entier.') ON CONFLICT (id) DO NOTHING;
INSERT INTO items (id, name, level, type, img_url, description) VALUES (11814, 'Moustache de Boostache', 40, 'Poil', 'https://api.dofusdb.fr/img/items/54680.png', 'Le Boostache a toujours été complexé de ne pas avoir de poils au menton... et de ne pas avoir de menton du tout, d''ailleurs ! C''est donc pour compenser qu''il s''est laissé pousser ces superbes moustaches.') ON CONFLICT (id) DO NOTHING;
INSERT INTO items (id, name, level, type, img_url, description) VALUES (12737, 'Galet cramoisi', 50, 'Galet', 'https://api.dofusdb.fr/img/items/15290.png', 'Ce caillou permet de faire de très bons ricochets sur les lacs ou les crânes des plus faibles que vous.') ON CONFLICT (id) DO NOTHING;
INSERT INTO items (id, name, level, type, img_url, description) VALUES (13098, 'Casque du Chafer Primitif', 36, 'Vêtement', 'https://api.dofusdb.fr/img/items/15798.png', 'Ce casque est représentatif de son porteur : est en bois à l''heure où la mode est aux métaux, pierres précieuses et autres alliages avancés, a une corne montée à l''envers, n''offre aucune protection du visage... Pas de doute, le Chafer Primitif l''est autant qu''il en a l''air. Dommage qu''il ne soit pas à votre taille, il vous irait à ravir.') ON CONFLICT (id) DO NOTHING;
INSERT INTO items (id, name, level, type, img_url, description) VALUES (130, 'L''Ecrabouilleur de Iop', 27, 'Bottes', 'https://api.dofusdb.fr/img/items/11007.png', 'Ces bottes sont idéales lorsqu''il s''agit d''asséner un coup de grâce.') ON CONFLICT (id) DO NOTHING;
INSERT INTO items (id, name, level, type, img_url, description) VALUES (2491, 'Œil d''Arakmuté', 13, 'Œil', 'https://api.dofusdb.fr/img/items/109516.png', 'Inquiétant, mais palpitant, cet Œil d''Aramuté ne reflète pas vraiment ce que l''on attend. Par exemple, au lieu de vous voir dedans, vous voyez votre homologue Dopeul. Allez comprendre.') ON CONFLICT (id) DO NOTHING;
INSERT INTO items (id, name, level, type, img_url, description) VALUES (2563, 'Peau de Larve Jaune', 18, 'Peau', 'https://api.dofusdb.fr/img/items/25138.png', 'Cette peau toute lisse constitue un excellent ingrédient pour les potions magiques.') ON CONFLICT (id) DO NOTHING;
INSERT INTO items (id, name, level, type, img_url, description) VALUES (13726, 'Conque Marine', 18, 'Ressource diverse', 'https://api.dofusdb.fr/img/items/15813.png', 'Collez votre oreille contre cette conque, et vous entendrez le bruit de l''océan. Soufflez dans cette conque, et vous entendrez le bruit des bottes des miliciens venus vous arrêter pour cassage de tympans.') ON CONFLICT (id) DO NOTHING;
INSERT INTO items (id, name, level, type, img_url, description) VALUES (134, 'Baguette de Boisaille', 3, 'Baguette', 'https://api.dofusdb.fr/img/items/3008.png', 'Baguette de simple facture, elle ne fera pas de votre héros une légende.') ON CONFLICT (id) DO NOTHING;
INSERT INTO items (id, name, level, type, img_url, description) VALUES (140, 'Bâton de Boisaille', 9, 'Bâton', 'https://api.dofusdb.fr/img/items/4001.png', 'Bâton de simple facture, il ne fera pas de votre héros une légende.') ON CONFLICT (id) DO NOTHING;
INSERT INTO items (id, name, level, type, img_url, description) VALUES (16518, 'Feu Intérieur', 1, 'Ressource diverse', 'https://api.dofusdb.fr/img/items/164067.png', 'Après des années de méditation, vous serez peut-être capable de révéler votre feu intérieur. Si vous n''avez pas envie d''attendre, vous pouvez tout aussi bien martyriser des Feux spirituels.') ON CONFLICT (id) DO NOTHING;
INSERT INTO items (id, name, level, type, img_url, description) VALUES (147, 'Marteau de Boisaille', 6, 'Marteau', 'https://api.dofusdb.fr/img/items/7001.png', 'Marteau de simple facture, il ne fera pas de votre héros une légende.') ON CONFLICT (id) DO NOTHING;
INSERT INTO items (id, name, level, type, img_url, description) VALUES (153, 'Pelle de Boisaille', 6, 'Pelle', 'https://api.dofusdb.fr/img/items/8001.png', 'Pelle de simple facture, elle ne fera pas de votre héros une légende.') ON CONFLICT (id) DO NOTHING;
INSERT INTO items (id, name, level, type, img_url, description) VALUES (156, 'Ceinture de Puissance', 31, 'Ceinture', 'https://api.dofusdb.fr/img/items/10019.png', 'La Ceinture de Puissance rend son porteur particulièrement puissant lors des combats, mais son poids réduit de manière conséquente son agilité.') ON CONFLICT (id) DO NOTHING;
INSERT INTO items (id, name, level, type, img_url, description) VALUES (746, 'Ébonite', 40, 'Alliage', 'https://api.dofusdb.fr/img/items/40658.png', 'Cet alliage très rare permet de fabriquer des objets très rares et souvent mortels. En effet, l''ébonite est un métal qui une fois rouillé, devient un véritable poison.') ON CONFLICT (id) DO NOTHING;
INSERT INTO items (id, name, level, type, img_url, description) VALUES (157, 'La Gougnole', 17, 'Amulette', 'https://api.dofusdb.fr/img/items/1007.png', 'La Gougnole a été créée dans de la pierre de lune ayant trempé 5000 ans dans un baril de bière. Inévitablement, cela lui a conféré de terribles pouvoirs.') ON CONFLICT (id) DO NOTHING;
INSERT INTO items (id, name, level, type, img_url, description) VALUES (363, 'Peau de Larve Orange', 18, 'Peau', 'https://api.dofusdb.fr/img/items/59033.png', 'Cette peau toute lisse constitue un excellent ingrédient pour les potions magiques.') ON CONFLICT (id) DO NOTHING;
INSERT INTO items (id, name, level, type, img_url, description) VALUES (158, 'La Destinée Dorée', 12, 'Amulette', 'https://api.dofusdb.fr/img/items/1009.png', 'La Destinée Dorée permet au héros qui la porte d''augmenter considérablement sa vitalité et son agilité.') ON CONFLICT (id) DO NOTHING;
INSERT INTO items (id, name, level, type, img_url, description) VALUES (16440, 'Ferrite', 1, 'Alliage', 'https://api.dofusdb.fr/img/items/40712.png', 'Ce drôle d''alliage est fabriqué par les mineurs débutants pour s''exercer.') ON CONFLICT (id) DO NOTHING;
INSERT INTO items (id, name, level, type, img_url, description) VALUES (159, 'La Broche Céleste', 40, 'Amulette', 'https://api.dofusdb.fr/img/items/1008.png', 'On dit que cette broche a été créée par l''illustre forgeron Boulgur, qui a la réputation de forger les armes des dieux.') ON CONFLICT (id) DO NOTHING;
INSERT INTO items (id, name, level, type, img_url, description) VALUES (2467, 'Rondelles de Milirat Strubien', 26, 'Ressource diverse', 'https://api.dofusdb.fr/img/items/63373.png', 'L''expression "se faire péter la rondelle" provient des éboueurs qui avaient pour seule nourriture de la viande de milirat, laquelle est réputée pour provoquer d''intenses et spectaculaires crises d''aérophagie.') ON CONFLICT (id) DO NOTHING;
INSERT INTO items (id, name, level, type, img_url, description) VALUES (6845, 'Casque de Martoa', 26, 'Vêtement', 'https://api.dofusdb.fr/img/items/25149.png', 'Comme il n''est jamais à l''abri d''une chute de pierres, le Martoa sort toujours couvert.') ON CONFLICT (id) DO NOTHING;
INSERT INTO items (id, name, level, type, img_url, description) VALUES (12745, 'Substrat de Bocage', 40, 'Substrat', 'https://api.dofusdb.fr/img/items/12729.png', 'L''amicale des anciens bénévoles pompiers retraités mais valeureux du château d''Allister vous recommande de ne pas utiliser ce liquide pour éteindre les incendies. Sauf si vous aimez ajouter de l''huile sur le feu.') ON CONFLICT (id) DO NOTHING;
INSERT INTO items (id, name, level, type, img_url, description) VALUES (160, 'Le Flan des Étoiles', 61, 'Amulette', 'https://api.dofusdb.fr/img/items/1010.png', 'Cet objet a été moulé à partir d''un mélange d''œufs célestes et de poussières d''étoiles lactées. À conserver au frais.') ON CONFLICT (id) DO NOTHING;
INSERT INTO items (id, name, level, type, img_url, description) VALUES (648, 'Aile de Bourdard', 56, 'Aile', 'https://api.dofusdb.fr/img/items/104750.png', 'Cette aile continue de vibrer frénétiquement malgré le fait qu''elle ait été violemment détachée du corps de son propriétaire. C''est amusant au début, mais cela devient limite ennuyeux quand on en a plein le sac.') ON CONFLICT (id) DO NOTHING;
INSERT INTO items (id, name, level, type, img_url, description) VALUES (650, 'Duvet de Bourdard', 56, 'Poil', 'https://api.dofusdb.fr/img/items/54709.png', 'À l''adolescence, le corps du Bourdard se recouvre progressivement d''un doux duvet, ce qui est paradoxal au comportement agressif qu''il adopte à la même période.') ON CONFLICT (id) DO NOTHING;
INSERT INTO items (id, name, level, type, img_url, description) VALUES (748, 'Magnésite', 60, 'Alliage', 'https://api.dofusdb.fr/img/items/40659.png', 'Cet alliage original est presque magique, il brille et vibre la nuit, ce qui peut être suffisant pour effrayer un Bwork un peu trop crédule.') ON CONFLICT (id) DO NOTHING;
INSERT INTO items (id, name, level, type, img_url, description) VALUES (2482, 'Charnière Cassée', 56, 'Ressource diverse', 'https://api.dofusdb.fr/img/items/15942.png', 'L''usure causée par les nombreuses ouvertures et fermetures consécutives du couvercle de la malle a finalement eu raison de cette pauvre charnière de sécurité. Ça a dû être très douloureux.') ON CONFLICT (id) DO NOTHING;
INSERT INTO items (id, name, level, type, img_url, description) VALUES (11696, 'Cagoule du Kanniboul Ebil', 60, 'Vêtement', 'https://api.dofusdb.fr/img/items/15784.png', 'Rares sont ceux qui le savent, mais sous son masque, le Kanniboul Ebil porte aussi une cagoule ! Maintenant que vous l''avez entre les mains, vous allez pouvoir le prouver. Reste à savoir si l''on vous croira...') ON CONFLICT (id) DO NOTHING;
INSERT INTO items (id, name, level, type, img_url, description) VALUES (161, 'La Célébrité', 27, 'Amulette', 'https://api.dofusdb.fr/img/items/1009.png', 'Cette puissante amulette a tout pour rendre son porteur célèbre.') ON CONFLICT (id) DO NOTHING;
INSERT INTO items (id, name, level, type, img_url, description) VALUES (1674, 'Champignon Luidegît', 35, 'Champignon', 'https://api.dofusdb.fr/img/items/15390.png', 'Ce héros a été envoûté par le Chêne Mou, mais la magie un peu aléatoire de ce dernier a fait qu''il s''est transformé en champignon. Les Champas étant assez idiots, ils le vénèrent et le protègent jusqu''à la mort.') ON CONFLICT (id) DO NOTHING;
INSERT INTO items (id, name, level, type, img_url, description) VALUES (165, 'Baguette de Glace', 11, 'Baguette', 'https://api.dofusdb.fr/img/items/3002.png', 'Une baguette bien sculptée, intéressante pour les novices.') ON CONFLICT (id) DO NOTHING;
INSERT INTO items (id, name, level, type, img_url, description) VALUES (180, 'La Baguette des Limbes', 105, 'Baguette', 'https://api.dofusdb.fr/img/items/3007.png', 'Cette baguette provient des Limbes de Syrastass. La légende raconte qu''elle permet de faire fleurir des champs entiers de pâquerettes à la simple demande de son porteur.') ON CONFLICT (id) DO NOTHING;
INSERT INTO items (id, name, level, type, img_url, description) VALUES (315, 'Diamant', 50, 'Pierre précieuse', 'https://api.dofusdb.fr/img/items/50025.png', 'Tous les bijoutiers d''Amakna raffolent de cette pierre qui demande une excellente dextérité pour être travaillée. Il faut souvent s''aventurer dans de dangereuses mines pour les trouver, mais heureusement, les diamants sont éternels.') ON CONFLICT (id) DO NOTHING;
INSERT INTO items (id, name, level, type, img_url, description) VALUES (2620, 'Rhum de Qualité', 90, 'Liquide', 'https://api.dofusdb.fr/img/items/15177.png', 'Ce Rhum doit sortir d''une cave très prisée. À moins qu''il soit resté dans une poche pendant de bonnes générations.') ON CONFLICT (id) DO NOTHING;
INSERT INTO items (id, name, level, type, img_url, description) VALUES (2805, 'Testicules Magiques de Muloubard', 96, 'Ressource diverse', 'https://api.dofusdb.fr/img/items/15650.png', 'Personne ne sait exactement quand et comment cela s''est produit, mais un jour, ces testicules se sont vus dotés de pouvoirs magiques assez obscurs, il faut bien le reconnaître.') ON CONFLICT (id) DO NOTHING;
INSERT INTO items (id, name, level, type, img_url, description) VALUES (8384, 'Étoffe Magique de Moon', 100, 'Étoffe', 'https://api.dofusdb.fr/img/items/55722.png', 'À en juger par les petites étoiles qui brillent autour d''elle, cette étoffe semble magique. Vous n''y croyez pas ? Il faudra bien que vous reconnaissiez un jour ou l''autre que vous êtes trop stupide pour déterminer vous-même ce qui est magique ou non. Ne suivez pas votre instinct de pourfendeur d''Astrubiens, faites confiance aux descriptions.') ON CONFLICT (id) DO NOTHING;
INSERT INTO items (id, name, level, type, img_url, description) VALUES (14512, 'Plume de Gobvious', 94, 'Plume', 'https://api.dofusdb.fr/img/items/53658.png', 'Complètement déplumé, le plumeau de Gobvious pourra toujours servir de cravache improvisée lors de vos soirées cagoulées.') ON CONFLICT (id) DO NOTHING;
INSERT INTO items (id, name, level, type, img_url, description) VALUES (14517, 'Slip troué de Dramak', 100, 'Vêtement', 'https://api.dofusdb.fr/img/items/164026.png', 'Pour ne pas être moqué, Dramak a mis à exécution son plan machiavélique. Il a pris le contrôle d''un ménestrel peu talentueux pour lui écrire une chanson qui le mettrait à la pointe de la mode. C''est ainsi qu''en 643, les Astrubiens se sont mis à fredonner « Quand je lâche une caisse, je troue mon slip » puis à joindre le geste à la parole.') ON CONFLICT (id) DO NOTHING;
INSERT INTO items (id, name, level, type, img_url, description) VALUES (14921, 'Étoffe Mystérieuse', 1, 'Étoffe', 'https://api.dofusdb.fr/img/items/15848.png', 'Cette étoffe possède des propriétés moulantes et élastiques hors du commun. Les rumeurs les plus folles lui accordent des pouvoirs surhumains, comme se faire temporairement oublier de ses beaux-parents ou penser à récupérer les enfants à la sortie de l''école pendant toute une semaine. Ceci explique pourquoi on l''utilise dans la confection d''équipements plus ou moins puissants.') ON CONFLICT (id) DO NOTHING;
INSERT INTO items (id, name, level, type, img_url, description) VALUES (181, 'Baguette des Cieux', 51, 'Baguette', 'https://api.dofusdb.fr/img/items/3006.png', 'Cette baguette fut bénie par Helle du haut des cieux. Elle procure à son porteur agilité et vitalité dans les batailles.') ON CONFLICT (id) DO NOTHING;
INSERT INTO items (id, name, level, type, img_url, description) VALUES (2288, 'Patte de Wabbit', 48, 'Patte', 'https://api.dofusdb.fr/img/items/103440.png', 'Bon nombre de touristes vont sur l''île des Wabbits essentiellement pour se munir d''une Patte de Wabbit car elle porte bonheur. Malheureusement, ça n''est pas le cas, mais il ne faut pas le dire, le tourisme en serait fort pénalisé.') ON CONFLICT (id) DO NOTHING;
INSERT INTO items (id, name, level, type, img_url, description) VALUES (8738, 'Sacrum magistral', 50, 'Os', 'https://api.dofusdb.fr/img/items/47011.png', 'Alors que le Corailleur vous offrait un os de son postérieur, le Corailleur Magistral vous permet quant à lui de prendre possession d''une autre partie de son anatomie, mais à peu près dans le même secteur.') ON CONFLICT (id) DO NOTHING;
INSERT INTO items (id, name, level, type, img_url, description) VALUES (8747, 'Pétale Passaoh', 43, 'Fleur', 'https://api.dofusdb.fr/img/items/35004.png', 'La couleur de ce pétale témoigne de sa provenance douteuse. L''abus d''alcool chez les disciples d''Otomaï se perçoit même dans leurs créations.') ON CONFLICT (id) DO NOTHING;
INSERT INTO items (id, name, level, type, img_url, description) VALUES (183, 'Bâton Feuillu', 12, 'Bâton', 'https://api.dofusdb.fr/img/items/4002.png', 'Un bâton bien taillé, intéressant pour les novices.') ON CONFLICT (id) DO NOTHING;
INSERT INTO items (id, name, level, type, img_url, description) VALUES (388, 'Poils d''Arakne Malade', 13, 'Poil', 'https://api.dofusdb.fr/img/items/54060.png', 'Ces poils particulièrement résistants sont utilisés entre autres pour la confection de pinceaux et de balais. Certaines personnes subissent d''importantes allergies au contact de ces poils, il est donc recommandé de ne pas s''y frotter avec vigueur.') ON CONFLICT (id) DO NOTHING;
INSERT INTO items (id, name, level, type, img_url, description) VALUES (16487, 'Bois Vermoulu', 18, 'Bois', 'https://api.dofusdb.fr/img/items/38683.png', 'Il y a moins de traces de vers dans ce bois que dans celui du postérieur de votre dernière conquête.') ON CONFLICT (id) DO NOTHING;
INSERT INTO items (id, name, level, type, img_url, description) VALUES (188, 'Bâton Kouyu', 8, 'Bâton', 'https://api.dofusdb.fr/img/items/4003.png', 'Ce bâton augmente la sagesse de son porteur. Peut entraîner une hypertrophie.') ON CONFLICT (id) DO NOTHING;
INSERT INTO items (id, name, level, type, img_url, description) VALUES (194, 'Bâton Spirituel', 16, 'Bâton', 'https://api.dofusdb.fr/img/items/4008.png', 'Ce bâton augmente la vitalité de son porteur et peut, le cas échéant, être mangé.') ON CONFLICT (id) DO NOTHING;
INSERT INTO items (id, name, level, type, img_url, description) VALUES (365, 'Patte d''Arakne', 18, 'Patte', 'https://api.dofusdb.fr/img/items/103035.png', 'Une patte très fine, mais très poilue. Très prisée des alchimistes pour ses propriétés euphorisantes, c''est la petite faiblesse qui les perdra.') ON CONFLICT (id) DO NOTHING;
INSERT INTO items (id, name, level, type, img_url, description) VALUES (6902, 'Plume de Piou Jaune', 13, 'Plume', 'https://api.dofusdb.fr/img/items/53118.png', 'Cette petite plume de Piou a été directement arrachée du derrière d''un pauvre Piou qui n''avait rien demandé.') ON CONFLICT (id) DO NOTHING;
INSERT INTO items (id, name, level, type, img_url, description) VALUES (200, 'God Rod', 67, 'Bâton', 'https://api.dofusdb.fr/img/items/4007.png', 'Le God Rod est une arme terrible. Très puissant, il permet à son porteur de se montrer digne des meilleurs lorsqu''il a une petite baisse de régime.') ON CONFLICT (id) DO NOTHING;
INSERT INTO items (id, name, level, type, img_url, description) VALUES (1891, 'Peau de serpentin', 56, 'Peau', 'https://api.dofusdb.fr/img/items/59361.png', 'N''avez-vous jamais rêvé d''un magnifique petit sac en peau de Serpentin ? Non ? Vous avez bien raison, car sa résistance laisse à désirer.') ON CONFLICT (id) DO NOTHING;
INSERT INTO items (id, name, level, type, img_url, description) VALUES (2496, 'Queue de Rat d''Hyoactif', 56, 'Queue', 'https://api.dofusdb.fr/img/items/65521.png', 'Tranchée convenablement, cette queue a le goût de saucisson. Ce qui est étrange, c''est que si vous coupez de trop grosses tranches, le goût de saucisson disparaît totalement. Encore une énigme culinaire de plus dans ce monde.') ON CONFLICT (id) DO NOTHING;
INSERT INTO items (id, name, level, type, img_url, description) VALUES (9386, 'Fleur de Blop Indigo Royal', 60, 'Fleur', 'https://api.dofusdb.fr/img/items/35011.png', 'Si cette fleur n''était pas royale, vous l''auriez sûrement jetée.') ON CONFLICT (id) DO NOTHING;
INSERT INTO items (id, name, level, type, img_url, description) VALUES (14463, 'Crâne de Wabbit Squelette', 52, 'Os', 'https://api.dofusdb.fr/img/items/47828.png', 'Ce crâne est la pièce dominante du Wabbit Squelette que vous tentez de reconstituer chez vous.') ON CONFLICT (id) DO NOTHING;
INSERT INTO items (id, name, level, type, img_url, description) VALUES (201, 'Hook', 55, 'Bâton', 'https://api.dofusdb.fr/img/items/4004.png', 'Le Hook a été retrouvé sur un cadavre, près d''un énorme Crocodaille en décomposition.') ON CONFLICT (id) DO NOTHING;
INSERT INTO items (id, name, level, type, img_url, description) VALUES (414, 'Plume du Kwak de Glace', 44, 'Plume', 'https://api.dofusdb.fr/img/items/53112.png', 'Cette plume a la particularité de résister au givre. C''est pour cela qu''on ne rencontre jamais de Kwak de Glace givré.') ON CONFLICT (id) DO NOTHING;
INSERT INTO items (id, name, level, type, img_url, description) VALUES (2617, 'Tranche de Nodkoko', 50, 'Ressource diverse', 'https://api.dofusdb.fr/img/items/15605.png', 'Haaa... Enfin un élément qui vous fait penser aux vacances. Cette Agence de Voyages ne paie rien pour attendre.') ON CONFLICT (id) DO NOTHING;
INSERT INTO items (id, name, level, type, img_url, description) VALUES (8748, 'Pétale Morito', 43, 'Fleur', 'https://api.dofusdb.fr/img/items/35006.png', 'La couleur de ce pétale témoigne de sa provenance douteuse. L''abus d''alcool chez les disciples d''Otomaï se perçoit même dans leurs créations.') ON CONFLICT (id) DO NOTHING;
INSERT INTO items (id, name, level, type, img_url, description) VALUES (13140, 'Serrure du Coffre des Forgerons', 50, 'Ressource diverse', 'https://api.dofusdb.fr/img/items/15799.png', 'Vous vous apercevez que cette serrure, récupérée parmi les miettes que vous avez faites du Coffre des Forgerons pour récupérer son trésor, n''était pas verrouillée. Visiblement vous n''avez qu''un credo : cogner d''abord, réfléchir ensuite. Iop serait fier de vous.') ON CONFLICT (id) DO NOTHING;
INSERT INTO items (id, name, level, type, img_url, description) VALUES (202, 'Razielle', 52, 'Épée', 'https://api.dofusdb.fr/img/items/6016.png', 'Cette épée a été bénie par les larmes de l''ange Raziel. Terriblement destructrice elle est suffisamment puissante pour permettre à son porteur d''affronter le plus terrible des adversaires.') ON CONFLICT (id) DO NOTHING;
INSERT INTO items (id, name, level, type, img_url, description) VALUES (413, 'Bec du Kwak de Vent', 44, 'Os', 'https://api.dofusdb.fr/img/items/47110.png', 'Ce bec extraordinairement solide permet au Kwak du Vent de se prendre des vents sans broncher, juste pour le plaisir de se prendre des vents sans broncher. Les kwaks du vent sont décidément bien étranges...') ON CONFLICT (id) DO NOTHING;
INSERT INTO items (id, name, level, type, img_url, description) VALUES (2540, 'Substrat de Futaie', 60, 'Substrat', 'https://api.dofusdb.fr/img/items/26017.png', 'Des Iops ont eu l''idée d''en manger, pensant que ça les rendrait plus futés. Une seule chose est certaine : ils sont toujours aussi nuls en orthographe.') ON CONFLICT (id) DO NOTHING;
INSERT INTO items (id, name, level, type, img_url, description) VALUES (8385, 'Peau de Shin Larve', 50, 'Peau', 'https://api.dofusdb.fr/img/items/59614.png', 'Cette peau de Shin Larve est encore plus gluante et collante que vous ne l''imaginiez. Elle vous rappelle la dernière princesse que vous avez délivrée.') ON CONFLICT (id) DO NOTHING;
INSERT INTO items (id, name, level, type, img_url, description) VALUES (13339, 'Sceau Royal Contrefait', 43, 'Ressource diverse', 'https://api.dofusdb.fr/img/items/15131.png', 'Cette contrefaçon très proche de l''original peut rendre bien des services aux individus sans scrupules. La détention d''un tel sceau est passible d''un siècle d''emprisonnement.') ON CONFLICT (id) DO NOTHING;
INSERT INTO items (id, name, level, type, img_url, description) VALUES (203, 'Ceinture du Tot', 33, 'Ceinture', 'https://api.dofusdb.fr/img/items/10010.png', 'Si vous avez ce formidable objet autour des reins, c''est que vous êtes l''un des héros les plus chanceux de cet univers. Cette ceinture appartenait au héros barbu le plus fort et séduisant de tous les temps.') ON CONFLICT (id) DO NOTHING;
INSERT INTO items (id, name, level, type, img_url, description) VALUES (394, 'Noisette', 26, 'Graine', 'https://api.dofusdb.fr/img/items/58066.png', 'Cette petite Noisette est délicieuse lorsqu''elle est associée à une barre chocolatée. Dommage que le chocolat soit aussi cher en Amakna.') ON CONFLICT (id) DO NOTHING;
INSERT INTO items (id, name, level, type, img_url, description) VALUES (450, 'Pierre de Granit', 26, 'Pierre brute', 'https://api.dofusdb.fr/img/items/51001.png', 'Ce minéral est presque inusable, mais aussi très lourd, ce qui limite son utilisation dans la forge d''armes. En le travaillant longtemps, on peut parfois en extraire des pierres précieuses.') ON CONFLICT (id) DO NOTHING;
INSERT INTO items (id, name, level, type, img_url, description) VALUES (6842, 'Pétale de Rose Obscure', 23, 'Fleur', 'https://api.dofusdb.fr/img/items/25153.png', 'Ce pétale est utilisé dans la confection de parfums onéreux. Il dégage une odeur de cadavre frais se décomposant dans la lavande, ce qui le rend très prisé de la haute société bontarienne.') ON CONFLICT (id) DO NOTHING;
INSERT INTO items (id, name, level, type, img_url, description) VALUES (204, 'Kryst O''Boul', 68, 'Bâton', 'https://api.dofusdb.fr/img/items/4063.png', 'Ce bâton vivant a traîné dans les endroits les plus sombres de l''univers d''Amakna. Il se réveille tous les 300 ans pour changer d''endroit ou de propriétaire, préférant emprunter les petits tunnels tout sombres, qui ne sentent pas très bon.') ON CONFLICT (id) DO NOTHING;
INSERT INTO items (id, name, level, type, img_url, description) VALUES (2273, 'Tissu Pourpre', 86, 'Étoffe', 'https://api.dofusdb.fr/img/items/55427.png', 'Léger et doux au toucher, voilà ce que l''on peut dire de cet étrange tissu pourpre. Il est écrit sur une étiquette à l''intérieur "made in taille one".') ON CONFLICT (id) DO NOTHING;
INSERT INTO items (id, name, level, type, img_url, description) VALUES (2566, 'Tranche Magique de Krambwork', 86, 'Ressource diverse', 'https://api.dofusdb.fr/img/items/15576.png', 'Cette tranche est imprégnée de substances nocives prolongeant sa combustion.') ON CONFLICT (id) DO NOTHING;
INSERT INTO items (id, name, level, type, img_url, description) VALUES (2647, 'Oreille de Médibwork', 86, 'Oreille', 'https://api.dofusdb.fr/img/items/106623.png', 'Les Médibworks ont besoin de matière première pour fabriquer leurs implants. À première vue, cette oreille a été arrachée à un cochon de lait sans son accord.') ON CONFLICT (id) DO NOTHING;
INSERT INTO items (id, name, level, type, img_url, description) VALUES (18385, 'Cœur du Mantiscore', 80, 'Ressource diverse', 'https://api.dofusdb.fr/img/items/164118.png', 'Ce cœur est imprégné d''épice, ce qui fait de lui un mets particulièrement piquant et raffiné. Il est recherché par les plus grands cuisiniers du monde qui l''utilisent pour justifier les prix astronomiques de leurs plats.') ON CONFLICT (id) DO NOTHING;
INSERT INTO items (id, name, level, type, img_url, description) VALUES (208, 'Dagues de Fouraille', 13, 'Dague', 'https://api.dofusdb.fr/img/items/5003.png', 'Des dagues bien forgées, intéressantes pour les novices.') ON CONFLICT (id) DO NOTHING;
INSERT INTO items (id, name, level, type, img_url, description) VALUES (362, 'Peau de Larve Bleue', 18, 'Peau', 'https://api.dofusdb.fr/img/items/59032.png', 'Cette peau toute lisse constitue un très bon ingrédient pour les potions magiques.') ON CONFLICT (id) DO NOTHING;
INSERT INTO items (id, name, level, type, img_url, description) VALUES (16489, 'Planche Agglomérée', 1, 'Planche', 'https://api.dofusdb.fr/img/items/95093.png', 'Cette planche sert dans l''assemblage de meubles bon marché, c''est pourquoi elle est prisée par les Enutrofs travaillant aux pompes funèbres.') ON CONFLICT (id) DO NOTHING;
INSERT INTO items (id, name, level, type, img_url, description) VALUES (214, 'Dagues de Croclage', 17, 'Dague', 'https://api.dofusdb.fr/img/items/5004.png', 'D''excellente facture, les Dagues de Croclage feront de vous un vaillant combattant.') ON CONFLICT (id) DO NOTHING;
INSERT INTO items (id, name, level, type, img_url, description) VALUES (218, 'Bashers', 29, 'Dague', 'https://api.dofusdb.fr/img/items/5005.png', 'Les Bashers sont de redoutables dagues d''assassin. Celui qui les possède est capable de rivaliser avec le plus sanguinaire des guerriers.') ON CONFLICT (id) DO NOTHING;
INSERT INTO items (id, name, level, type, img_url, description) VALUES (288, 'Graine de Tournesol', 18, 'Graine', 'https://api.dofusdb.fr/img/items/58006.png', 'Cette graine riche en protéines permet de donner une saveur très particulière aux pains.') ON CONFLICT (id) DO NOTHING;
INSERT INTO items (id, name, level, type, img_url, description) VALUES (378, 'Sporme du Champ Champ', 18, 'Champignon', 'https://api.dofusdb.fr/img/items/15050.png', 'Ce sporme est la « petite graine » qui permet au Champ Champ de disséminer ses petits un peu partout, et surtout n''importe où. Attention, le sporme du Champ Champ est attiré par les pieds malodorants et l''odeur des bottes de Bowisse.') ON CONFLICT (id) DO NOTHING;
INSERT INTO items (id, name, level, type, img_url, description) VALUES (2539, 'Substrat de Buisson', 20, 'Substrat', 'https://api.dofusdb.fr/img/items/26016.png', 'Les buissons sont des végétaux fort appréciés quand il s''agit de faire des galipettes ou soulager une envie pressante.') ON CONFLICT (id) DO NOTHING;
INSERT INTO items (id, name, level, type, img_url, description) VALUES (219, 'Blessdags', 64, 'Dague', 'https://api.dofusdb.fr/img/items/5055.png', 'Les Blessdags viennent du célèbre Ogre la Main Sombre qui périt en affrontant un paladin du Bimd''Oule. Il paraît que son sang anime ces dagues malsaines.') ON CONFLICT (id) DO NOTHING;
INSERT INTO items (id, name, level, type, img_url, description) VALUES (2320, 'Collier Cassé de Macien', 66, 'Ressource diverse', 'https://api.dofusdb.fr/img/items/15462.png', 'Comme tout bon Ouginak, son collier donne des informations. Il est écrit: "je suis perdu, mon quartier se trouve sur le sentier des Landes de Sidimote, merci de me ramener à mes maîtres Brâkmariens, ils vous offriront des baffes en remerciements."') ON CONFLICT (id) DO NOTHING;
INSERT INTO items (id, name, level, type, img_url, description) VALUES (9385, 'Fleur de Blop Coco Royal', 60, 'Fleur', 'https://api.dofusdb.fr/img/items/35009.png', 'Si cette fleur n''était pas royale, vous l''auriez sûrement jetée.') ON CONFLICT (id) DO NOTHING;
INSERT INTO items (id, name, level, type, img_url, description) VALUES (14462, 'Os de Wabbit Squelette', 52, 'Os', 'https://api.dofusdb.fr/img/items/47827.png', 'Plus que 223 autres os différents et vous pourrez reconstituer un Wabbit Squelette chez vous.') ON CONFLICT (id) DO NOTHING;
INSERT INTO items (id, name, level, type, img_url, description) VALUES (220, 'Chakra Style', 73, 'Dague', 'https://api.dofusdb.fr/img/items/5008.png', 'Chakra Style est une paire de dagues ayant appartenu à l''une des plus grandes voleuses de tous les temps. Chakra fut la première à pouvoir forcer les portes du temple d''Osaroth et à y dérober de précieuses reliques.') ON CONFLICT (id) DO NOTHING;
INSERT INTO items (id, name, level, type, img_url, description) VALUES (1613, 'Écaille de Chef Crocodaille', 69, 'Peau', 'https://api.dofusdb.fr/img/items/59547.png', 'Ce fragment de carapace servira certainement à créer de belles bottes.') ON CONFLICT (id) DO NOTHING;
INSERT INTO items (id, name, level, type, img_url, description) VALUES (2543, 'Substrat de Fascine', 80, 'Substrat', 'https://api.dofusdb.fr/img/items/26018.png', 'À défaut de combler les lacunes en sciences, cette potion comblera convenablement le fossé qui sépare l''apprenti du disciple.') ON CONFLICT (id) DO NOTHING;
INSERT INTO items (id, name, level, type, img_url, description) VALUES (2552, 'Œil de Kanigrou', 70, 'Œil', 'https://api.dofusdb.fr/img/items/109563.png', 'L''œil de Kanigrou est devenu un phénomène de mode, il est très courant de voir se promener des aventuriers avec l''Œil autour du cou.') ON CONFLICT (id) DO NOTHING;
INSERT INTO items (id, name, level, type, img_url, description) VALUES (8995, 'Étoffe de Gourlo le Terrible', 70, 'Étoffe', 'https://api.dofusdb.fr/img/items/55729.png', 'Autrefois utilisée comme pansement pour soigner les cloques de Gourlo le Terrible, cette étoffe est encore imbibée d''un liquide à l''odeur surprenante. Le plus étrange c''est que cela semble vous donner de l''appétit.') ON CONFLICT (id) DO NOTHING;
INSERT INTO items (id, name, level, type, img_url, description) VALUES (14284, 'Flamme Spectrale', 65, 'Ressource diverse', 'https://api.dofusdb.fr/img/items/15247.png', 'La flamme qui brûle dans les yeux des spectres tombés durant l''Aurore Pourpre fut allumée par Raval. Nul ne sait quand elle s''éteindra. Ne comptez pas sur elle pour vous réchauffer durant les longues nuits d''hiver, car bien qu''elle consume les corps, les cœurs et les âmes, elle est plus froide que le souffle d''un YeCh''Ti.') ON CONFLICT (id) DO NOTHING;
INSERT INTO items (id, name, level, type, img_url, description) VALUES (224, 'Marteau de Raclage', 15, 'Marteau', 'https://api.dofusdb.fr/img/items/7002.png', 'Un marteau bien travaillé, intéressant pour les novices.') ON CONFLICT (id) DO NOTHING;
INSERT INTO items (id, name, level, type, img_url, description) VALUES (371, 'Sourcil de Moskito', 13, 'Poil', 'https://api.dofusdb.fr/img/items/15044.png', 'Le Moskito dispose de longs et fins sourcils qui mettent en valeur son regard de grand charmeur.') ON CONFLICT (id) DO NOTHING;
INSERT INTO items (id, name, level, type, img_url, description) VALUES (230, 'Marteau d''Ivoire', 19, 'Marteau', 'https://api.dofusdb.fr/img/items/7003.png', 'Ce marteau augmente l''intelligence du héros qui le porte.') ON CONFLICT (id) DO NOTHING;
INSERT INTO items (id, name, level, type, img_url, description) VALUES (2662, 'Bave de Rose Démoniaque', 16, 'Liquide', 'https://api.dofusdb.fr/img/items/15634.png', 'Une Rose enragée a la fâcheuse habitude de baver sur quiconque ose s''approcher. Mais il paraît que c''est un signe d''affection. Une Rose Démoniaque enragée et affective qui plus est, on aura tout vu.') ON CONFLICT (id) DO NOTHING;
INSERT INTO items (id, name, level, type, img_url, description) VALUES (6900, 'Plume de Piou Rouge', 13, 'Plume', 'https://api.dofusdb.fr/img/items/53117.png', 'Cette petite plume de Piou a été directement arrachée du derrière d''un pauvre Piou qui n''avait rien demandé.') ON CONFLICT (id) DO NOTHING;
INSERT INTO items (id, name, level, type, img_url, description) VALUES (233, 'Kaiser', 104, 'Marteau', 'https://api.dofusdb.fr/img/items/7010.png', 'Kaiser est le nom d''un Dragon Cochon qui jadis dévasta le village de Bounkaïda. Lorsque la milice eut enfin raison du monstre, les forgerons créèrent de nombreuses armes à partir des restes de la bête. Ce marteau en fait partie.') ON CONFLICT (id) DO NOTHING;
INSERT INTO items (id, name, level, type, img_url, description) VALUES (479, 'Ivoire', 80, 'Os', 'https://api.dofusdb.fr/img/items/47088.png', 'L''Ivoire est très recherché par les collectionneurs pour sa blancheur légendaire, et par les Forgerons pour sa capacité à rendre les armes mortelles. Ce qui est certain, c''est que dans la région d''Amakna, l''Ivoire a vraiment la côte.') ON CONFLICT (id) DO NOTHING;
INSERT INTO items (id, name, level, type, img_url, description) VALUES (750, 'Kouartz', 100, 'Alliage', 'https://api.dofusdb.fr/img/items/40664.png', 'Cet alliage très étrange est capable de renfermer une énergie impressionnante, le rendant très instable dans certaines conditions. Les meilleurs Forgerons raffolent de cet alliage, qui leur permet de forger des armes aux pouvoirs presque légendaires.') ON CONFLICT (id) DO NOTHING;
INSERT INTO items (id, name, level, type, img_url, description) VALUES (2645, 'Groin de Dragon Cochon', 100, 'Ressource diverse', 'https://api.dofusdb.fr/img/items/15620.png', 'À vue de Groin, le Dragon Cochon n''a pas senti le coup venir. C''est dommage pour lui.') ON CONFLICT (id) DO NOTHING;
INSERT INTO items (id, name, level, type, img_url, description) VALUES (8391, 'Peau de Don Dorgan', 100, 'Peau', 'https://api.dofusdb.fr/img/items/59617.png', 'Le Don Dorgan a été une fois de plus très généreux avec vous, malgré son terrible caractère. Il vous a fait don de sa peau avant de partir en grognant comme un gros Porkass. Quel culot !') ON CONFLICT (id) DO NOTHING;
INSERT INTO items (id, name, level, type, img_url, description) VALUES (8392, 'Peau de Don Duss Ang', 97, 'Peau', 'https://api.dofusdb.fr/img/items/59618.png', 'Le Don Duss Ang que vous avez dû peler avec une râpe à fromage pour obtenir cette peau très fine, s''en souviendra toute sa vie. On peut supposer qu''il vous en voudra longtemps. Ne comptez plus sur lui pour vous indiquer le bon chemin la prochaine fois que vous vous égarerez dans son labyrinthe.') ON CONFLICT (id) DO NOTHING;
INSERT INTO items (id, name, level, type, img_url, description) VALUES (13366, 'Galet Lunaire', 100, 'Galet', 'https://api.dofusdb.fr/img/items/152005.png', 'Le nom de ce caillou provient de sa teinte qui rappelle la lumière de la lune. Il ne brille pas dans le noir, inutile de l''emporter lors de vos escapades nocturnes.') ON CONFLICT (id) DO NOTHING;
INSERT INTO items (id, name, level, type, img_url, description) VALUES (16181, 'Globule de Nyée', 90, 'Ressource diverse', 'https://api.dofusdb.fr/img/items/164061.png', 'Cette boule jaune et luisante qui ornait l''abdomen de la Reine Nyée est probablement un organe sensoriel, à moins qu''il ne s''agisse d''un signe distinctif pour éviter la confusion avec les autres Arak-haï... Peu importe sa fonction originelle, la seule chose qui compte à présent, c''est son prix à l''hôtel des ventes, non ?') ON CONFLICT (id) DO NOTHING;
INSERT INTO items (id, name, level, type, img_url, description) VALUES (234, 'Ragnarok', 66, 'Marteau', 'https://api.dofusdb.fr/img/items/7055.png', 'Le Ragnarok est un marteau très puissant, capable de déchaîner des tempêtes ou les foudres de vos alliés si vous leur tapez dessus.') ON CONFLICT (id) DO NOTHING;
INSERT INTO items (id, name, level, type, img_url, description) VALUES (480, 'Minerai Étrange', 56, 'Minerai', 'https://api.dofusdb.fr/img/items/39090.png', 'Ce minerai a été extrait d''une mystérieuse carrière inconnue. Contrairement à tous les objets étranges d''Amakna, celui-ci n''est pas magique du tout.') ON CONFLICT (id) DO NOTHING;
INSERT INTO items (id, name, level, type, img_url, description) VALUES (2436, 'Gelée Citron', 60, 'Gelée', 'https://api.dofusdb.fr/img/items/110490.png', 'Ce pot de Gelée Citron a une apparence étrange. Selon Elrik Ola, cette gelée proviendrait de chez lui. Plus précisément, de l''autre coin de la galaxie. Autant dire que ce n''est pas la porte à côté.') ON CONFLICT (id) DO NOTHING;
INSERT INTO items (id, name, level, type, img_url, description) VALUES (8397, 'Poil du Wa Wabbit', 60, 'Poil', 'https://api.dofusdb.fr/img/items/54667.png', 'Le Wa Wabbit est en règle générale assez avare et rechigne à partager ses poils. Exceptionnellement, pour récompenser votre bravoure (ou acheter votre clémence), il a décidé de vous faire don d''une partie de son corps. Touchant.') ON CONFLICT (id) DO NOTHING;
INSERT INTO items (id, name, level, type, img_url, description) VALUES (8483, 'Peau de Ramane d''Égoutant', 54, 'Peau', 'https://api.dofusdb.fr/img/items/59622.png', 'Une fois lavée, cette peau pourra faire office de tapis de sol, ou de paillasson.') ON CONFLICT (id) DO NOTHING;
INSERT INTO items (id, name, level, type, img_url, description) VALUES (235, 'Cerberus', 16, 'Marteau', 'https://api.dofusdb.fr/img/items/7007.png', 'Ce marteau était détenu par le gardien de la Porte des Enfers. Il empêchait les vivants d''y entrer, les morts d''en sortir et les morts-vivants de bouger.') ON CONFLICT (id) DO NOTHING;
INSERT INTO items (id, name, level, type, img_url, description) VALUES (6903, 'Plume de Piou Rose', 14, 'Plume', 'https://api.dofusdb.fr/img/items/53119.png', 'Cette petite plume de Piou a été directement arrachée du derrière d''un pauvre Piou qui n''avait rien demandé.') ON CONFLICT (id) DO NOTHING;
INSERT INTO items (id, name, level, type, img_url, description) VALUES (236, 'Barabas', 23, 'Marteau', 'https://api.dofusdb.fr/img/items/7011.png', 'Barabas est redoutable : il permet à son porteur de se déplacer plus facilement, et surtout d''être plus efficace en combat rapproché.') ON CONFLICT (id) DO NOTHING;
INSERT INTO items (id, name, level, type, img_url, description) VALUES (643, 'Fil de Soie', 18, 'Ressource diverse', 'https://api.dofusdb.fr/img/items/15486.png', 'Ce fil est d''une finesse et d''une souplesse sans équivalent. C''est de loin la matière préférée du Chafer dès qu''il s''agit de s''équiper en sous-vêtements de combat.') ON CONFLICT (id) DO NOTHING;
INSERT INTO recipes (id, item_id, job_id, job_name) VALUES (44, 44, 11, 'Forgeron') ON CONFLICT (id) DO NOTHING;
INSERT INTO recipes (id, item_id, job_id, job_name) VALUES (49, 49, 11, 'Forgeron') ON CONFLICT (id) DO NOTHING;
INSERT INTO recipes (id, item_id, job_id, job_name) VALUES (55, 55, 11, 'Forgeron') ON CONFLICT (id) DO NOTHING;
INSERT INTO recipes (id, item_id, job_id, job_name) VALUES (58, 58, 11, 'Forgeron') ON CONFLICT (id) DO NOTHING;
INSERT INTO recipes (id, item_id, job_id, job_name) VALUES (62, 62, 11, 'Forgeron') ON CONFLICT (id) DO NOTHING;
INSERT INTO recipes (id, item_id, job_id, job_name) VALUES (65, 65, 11, 'Forgeron') ON CONFLICT (id) DO NOTHING;
INSERT INTO recipes (id, item_id, job_id, job_name) VALUES (66, 66, 11, 'Forgeron') ON CONFLICT (id) DO NOTHING;
INSERT INTO recipes (id, item_id, job_id, job_name) VALUES (67, 67, 11, 'Forgeron') ON CONFLICT (id) DO NOTHING;
INSERT INTO recipes (id, item_id, job_id, job_name) VALUES (70, 70, 16, 'Bijoutier') ON CONFLICT (id) DO NOTHING;
INSERT INTO recipes (id, item_id, job_id, job_name) VALUES (77, 77, 16, 'Bijoutier') ON CONFLICT (id) DO NOTHING;
INSERT INTO recipes (id, item_id, job_id, job_name) VALUES (84, 84, 16, 'Bijoutier') ON CONFLICT (id) DO NOTHING;
INSERT INTO recipes (id, item_id, job_id, job_name) VALUES (91, 91, 13, 'Sculpteur') ON CONFLICT (id) DO NOTHING;
INSERT INTO recipes (id, item_id, job_id, job_name) VALUES (97, 97, 11, 'Forgeron') ON CONFLICT (id) DO NOTHING;
INSERT INTO recipes (id, item_id, job_id, job_name) VALUES (103, 103, 16, 'Bijoutier') ON CONFLICT (id) DO NOTHING;
INSERT INTO recipes (id, item_id, job_id, job_name) VALUES (112, 112, 16, 'Bijoutier') ON CONFLICT (id) DO NOTHING;
INSERT INTO recipes (id, item_id, job_id, job_name) VALUES (121, 121, 16, 'Bijoutier') ON CONFLICT (id) DO NOTHING;
INSERT INTO recipes (id, item_id, job_id, job_name) VALUES (127, 127, 15, 'Cordonnier') ON CONFLICT (id) DO NOTHING;
INSERT INTO recipes (id, item_id, job_id, job_name) VALUES (130, 130, 15, 'Cordonnier') ON CONFLICT (id) DO NOTHING;
INSERT INTO recipes (id, item_id, job_id, job_name) VALUES (134, 134, 13, 'Sculpteur') ON CONFLICT (id) DO NOTHING;
INSERT INTO recipes (id, item_id, job_id, job_name) VALUES (140, 140, 13, 'Sculpteur') ON CONFLICT (id) DO NOTHING;
INSERT INTO recipes (id, item_id, job_id, job_name) VALUES (147, 147, 11, 'Forgeron') ON CONFLICT (id) DO NOTHING;
INSERT INTO recipes (id, item_id, job_id, job_name) VALUES (153, 153, 11, 'Forgeron') ON CONFLICT (id) DO NOTHING;
INSERT INTO recipes (id, item_id, job_id, job_name) VALUES (156, 156, 15, 'Cordonnier') ON CONFLICT (id) DO NOTHING;
INSERT INTO recipes (id, item_id, job_id, job_name) VALUES (157, 157, 16, 'Bijoutier') ON CONFLICT (id) DO NOTHING;
INSERT INTO recipes (id, item_id, job_id, job_name) VALUES (158, 158, 16, 'Bijoutier') ON CONFLICT (id) DO NOTHING;
INSERT INTO recipes (id, item_id, job_id, job_name) VALUES (159, 159, 16, 'Bijoutier') ON CONFLICT (id) DO NOTHING;
INSERT INTO recipes (id, item_id, job_id, job_name) VALUES (160, 160, 16, 'Bijoutier') ON CONFLICT (id) DO NOTHING;
INSERT INTO recipes (id, item_id, job_id, job_name) VALUES (161, 161, 16, 'Bijoutier') ON CONFLICT (id) DO NOTHING;
INSERT INTO recipes (id, item_id, job_id, job_name) VALUES (165, 165, 13, 'Sculpteur') ON CONFLICT (id) DO NOTHING;
INSERT INTO recipes (id, item_id, job_id, job_name) VALUES (180, 180, 13, 'Sculpteur') ON CONFLICT (id) DO NOTHING;
INSERT INTO recipes (id, item_id, job_id, job_name) VALUES (181, 181, 13, 'Sculpteur') ON CONFLICT (id) DO NOTHING;
INSERT INTO recipes (id, item_id, job_id, job_name) VALUES (183, 183, 13, 'Sculpteur') ON CONFLICT (id) DO NOTHING;
INSERT INTO recipes (id, item_id, job_id, job_name) VALUES (188, 188, 13, 'Sculpteur') ON CONFLICT (id) DO NOTHING;
INSERT INTO recipes (id, item_id, job_id, job_name) VALUES (194, 194, 13, 'Sculpteur') ON CONFLICT (id) DO NOTHING;
INSERT INTO recipes (id, item_id, job_id, job_name) VALUES (200, 200, 13, 'Sculpteur') ON CONFLICT (id) DO NOTHING;
INSERT INTO recipes (id, item_id, job_id, job_name) VALUES (201, 201, 13, 'Sculpteur') ON CONFLICT (id) DO NOTHING;
INSERT INTO recipes (id, item_id, job_id, job_name) VALUES (202, 202, 11, 'Forgeron') ON CONFLICT (id) DO NOTHING;
INSERT INTO recipes (id, item_id, job_id, job_name) VALUES (203, 203, 15, 'Cordonnier') ON CONFLICT (id) DO NOTHING;
INSERT INTO recipes (id, item_id, job_id, job_name) VALUES (204, 204, 13, 'Sculpteur') ON CONFLICT (id) DO NOTHING;
INSERT INTO recipes (id, item_id, job_id, job_name) VALUES (208, 208, 11, 'Forgeron') ON CONFLICT (id) DO NOTHING;
INSERT INTO recipes (id, item_id, job_id, job_name) VALUES (214, 214, 11, 'Forgeron') ON CONFLICT (id) DO NOTHING;
INSERT INTO recipes (id, item_id, job_id, job_name) VALUES (218, 218, 11, 'Forgeron') ON CONFLICT (id) DO NOTHING;
INSERT INTO recipes (id, item_id, job_id, job_name) VALUES (219, 219, 11, 'Forgeron') ON CONFLICT (id) DO NOTHING;
INSERT INTO recipes (id, item_id, job_id, job_name) VALUES (220, 220, 11, 'Forgeron') ON CONFLICT (id) DO NOTHING;
INSERT INTO recipes (id, item_id, job_id, job_name) VALUES (224, 224, 11, 'Forgeron') ON CONFLICT (id) DO NOTHING;
INSERT INTO recipes (id, item_id, job_id, job_name) VALUES (230, 230, 11, 'Forgeron') ON CONFLICT (id) DO NOTHING;
INSERT INTO recipes (id, item_id, job_id, job_name) VALUES (233, 233, 11, 'Forgeron') ON CONFLICT (id) DO NOTHING;
INSERT INTO recipes (id, item_id, job_id, job_name) VALUES (234, 234, 11, 'Forgeron') ON CONFLICT (id) DO NOTHING;
INSERT INTO recipes (id, item_id, job_id, job_name) VALUES (235, 235, 11, 'Forgeron') ON CONFLICT (id) DO NOTHING;
INSERT INTO recipes (id, item_id, job_id, job_name) VALUES (236, 236, 11, 'Forgeron') ON CONFLICT (id) DO NOTHING;
INSERT INTO recipe_ingredients (recipe_id, item_id, quantity) VALUES (44, 303, 3) ON CONFLICT (recipe_id, item_id) DO NOTHING;
INSERT INTO recipe_ingredients (recipe_id, item_id, quantity) VALUES (44, 16512, 3) ON CONFLICT (recipe_id, item_id) DO NOTHING;
INSERT INTO recipe_ingredients (recipe_id, item_id, quantity) VALUES (49, 377, 3) ON CONFLICT (recipe_id, item_id) DO NOTHING;
INSERT INTO recipe_ingredients (recipe_id, item_id, quantity) VALUES (49, 1673, 1) ON CONFLICT (recipe_id, item_id) DO NOTHING;
INSERT INTO recipe_ingredients (recipe_id, item_id, quantity) VALUES (55, 300, 4) ON CONFLICT (recipe_id, item_id) DO NOTHING;
INSERT INTO recipe_ingredients (recipe_id, item_id, quantity) VALUES (55, 364, 4) ON CONFLICT (recipe_id, item_id) DO NOTHING;
INSERT INTO recipe_ingredients (recipe_id, item_id, quantity) VALUES (55, 2659, 4) ON CONFLICT (recipe_id, item_id) DO NOTHING;
INSERT INTO recipe_ingredients (recipe_id, item_id, quantity) VALUES (58, 306, 4) ON CONFLICT (recipe_id, item_id) DO NOTHING;
INSERT INTO recipe_ingredients (recipe_id, item_id, quantity) VALUES (58, 747, 2) ON CONFLICT (recipe_id, item_id) DO NOTHING;
INSERT INTO recipe_ingredients (recipe_id, item_id, quantity) VALUES (58, 1673, 1) ON CONFLICT (recipe_id, item_id) DO NOTHING;
INSERT INTO recipe_ingredients (recipe_id, item_id, quantity) VALUES (62, 366, 3) ON CONFLICT (recipe_id, item_id) DO NOTHING;
INSERT INTO recipe_ingredients (recipe_id, item_id, quantity) VALUES (62, 1673, 1) ON CONFLICT (recipe_id, item_id) DO NOTHING;
INSERT INTO recipe_ingredients (recipe_id, item_id, quantity) VALUES (65, 407, 5) ON CONFLICT (recipe_id, item_id) DO NOTHING;
INSERT INTO recipe_ingredients (recipe_id, item_id, quantity) VALUES (65, 881, 5) ON CONFLICT (recipe_id, item_id) DO NOTHING;
INSERT INTO recipe_ingredients (recipe_id, item_id, quantity) VALUES (65, 6841, 5) ON CONFLICT (recipe_id, item_id) DO NOTHING;
INSERT INTO recipe_ingredients (recipe_id, item_id, quantity) VALUES (66, 387, 5) ON CONFLICT (recipe_id, item_id) DO NOTHING;
INSERT INTO recipe_ingredients (recipe_id, item_id, quantity) VALUES (66, 885, 6) ON CONFLICT (recipe_id, item_id) DO NOTHING;
INSERT INTO recipe_ingredients (recipe_id, item_id, quantity) VALUES (66, 2468, 1) ON CONFLICT (recipe_id, item_id) DO NOTHING;
INSERT INTO recipe_ingredients (recipe_id, item_id, quantity) VALUES (67, 2455, 2) ON CONFLICT (recipe_id, item_id) DO NOTHING;
INSERT INTO recipe_ingredients (recipe_id, item_id, quantity) VALUES (67, 6899, 4) ON CONFLICT (recipe_id, item_id) DO NOTHING;
INSERT INTO recipe_ingredients (recipe_id, item_id, quantity) VALUES (67, 13487, 4) ON CONFLICT (recipe_id, item_id) DO NOTHING;
INSERT INTO recipe_ingredients (recipe_id, item_id, quantity) VALUES (70, 385, 3) ON CONFLICT (recipe_id, item_id) DO NOTHING;
INSERT INTO recipe_ingredients (recipe_id, item_id, quantity) VALUES (70, 16524, 3) ON CONFLICT (recipe_id, item_id) DO NOTHING;
INSERT INTO recipe_ingredients (recipe_id, item_id, quantity) VALUES (77, 1984, 3) ON CONFLICT (recipe_id, item_id) DO NOTHING;
INSERT INTO recipe_ingredients (recipe_id, item_id, quantity) VALUES (77, 16524, 3) ON CONFLICT (recipe_id, item_id) DO NOTHING;
INSERT INTO recipe_ingredients (recipe_id, item_id, quantity) VALUES (84, 303, 3) ON CONFLICT (recipe_id, item_id) DO NOTHING;
INSERT INTO recipe_ingredients (recipe_id, item_id, quantity) VALUES (84, 16524, 3) ON CONFLICT (recipe_id, item_id) DO NOTHING;
INSERT INTO recipe_ingredients (recipe_id, item_id, quantity) VALUES (91, 421, 3) ON CONFLICT (recipe_id, item_id) DO NOTHING;
INSERT INTO recipe_ingredients (recipe_id, item_id, quantity) VALUES (91, 16522, 3) ON CONFLICT (recipe_id, item_id) DO NOTHING;
INSERT INTO recipe_ingredients (recipe_id, item_id, quantity) VALUES (97, 16515, 3) ON CONFLICT (recipe_id, item_id) DO NOTHING;
INSERT INTO recipe_ingredients (recipe_id, item_id, quantity) VALUES (97, 16524, 3) ON CONFLICT (recipe_id, item_id) DO NOTHING;
INSERT INTO recipe_ingredients (recipe_id, item_id, quantity) VALUES (103, 310, 3) ON CONFLICT (recipe_id, item_id) DO NOTHING;
INSERT INTO recipe_ingredients (recipe_id, item_id, quantity) VALUES (103, 16522, 3) ON CONFLICT (recipe_id, item_id) DO NOTHING;
INSERT INTO recipe_ingredients (recipe_id, item_id, quantity) VALUES (112, 303, 3) ON CONFLICT (recipe_id, item_id) DO NOTHING;
INSERT INTO recipe_ingredients (recipe_id, item_id, quantity) VALUES (112, 16523, 3) ON CONFLICT (recipe_id, item_id) DO NOTHING;
INSERT INTO recipe_ingredients (recipe_id, item_id, quantity) VALUES (121, 312, 1) ON CONFLICT (recipe_id, item_id) DO NOTHING;
INSERT INTO recipe_ingredients (recipe_id, item_id, quantity) VALUES (121, 16524, 3) ON CONFLICT (recipe_id, item_id) DO NOTHING;
INSERT INTO recipe_ingredients (recipe_id, item_id, quantity) VALUES (127, 2571, 6) ON CONFLICT (recipe_id, item_id) DO NOTHING;
INSERT INTO recipe_ingredients (recipe_id, item_id, quantity) VALUES (127, 11814, 1) ON CONFLICT (recipe_id, item_id) DO NOTHING;
INSERT INTO recipe_ingredients (recipe_id, item_id, quantity) VALUES (127, 12737, 1) ON CONFLICT (recipe_id, item_id) DO NOTHING;
INSERT INTO recipe_ingredients (recipe_id, item_id, quantity) VALUES (127, 13098, 3) ON CONFLICT (recipe_id, item_id) DO NOTHING;
INSERT INTO recipe_ingredients (recipe_id, item_id, quantity) VALUES (130, 2491, 4) ON CONFLICT (recipe_id, item_id) DO NOTHING;
INSERT INTO recipe_ingredients (recipe_id, item_id, quantity) VALUES (130, 2563, 4) ON CONFLICT (recipe_id, item_id) DO NOTHING;
INSERT INTO recipe_ingredients (recipe_id, item_id, quantity) VALUES (130, 13726, 4) ON CONFLICT (recipe_id, item_id) DO NOTHING;
INSERT INTO recipe_ingredients (recipe_id, item_id, quantity) VALUES (134, 312, 1) ON CONFLICT (recipe_id, item_id) DO NOTHING;
INSERT INTO recipe_ingredients (recipe_id, item_id, quantity) VALUES (134, 16515, 3) ON CONFLICT (recipe_id, item_id) DO NOTHING;
INSERT INTO recipe_ingredients (recipe_id, item_id, quantity) VALUES (140, 310, 3) ON CONFLICT (recipe_id, item_id) DO NOTHING;
INSERT INTO recipe_ingredients (recipe_id, item_id, quantity) VALUES (140, 16518, 3) ON CONFLICT (recipe_id, item_id) DO NOTHING;
INSERT INTO recipe_ingredients (recipe_id, item_id, quantity) VALUES (147, 310, 3) ON CONFLICT (recipe_id, item_id) DO NOTHING;
INSERT INTO recipe_ingredients (recipe_id, item_id, quantity) VALUES (147, 312, 1) ON CONFLICT (recipe_id, item_id) DO NOTHING;
INSERT INTO recipe_ingredients (recipe_id, item_id, quantity) VALUES (153, 303, 3) ON CONFLICT (recipe_id, item_id) DO NOTHING;
INSERT INTO recipe_ingredients (recipe_id, item_id, quantity) VALUES (153, 16522, 3) ON CONFLICT (recipe_id, item_id) DO NOTHING;
INSERT INTO recipe_ingredients (recipe_id, item_id, quantity) VALUES (156, 387, 4) ON CONFLICT (recipe_id, item_id) DO NOTHING;
INSERT INTO recipe_ingredients (recipe_id, item_id, quantity) VALUES (156, 746, 1) ON CONFLICT (recipe_id, item_id) DO NOTHING;
INSERT INTO recipe_ingredients (recipe_id, item_id, quantity) VALUES (156, 2468, 1) ON CONFLICT (recipe_id, item_id) DO NOTHING;
INSERT INTO recipe_ingredients (recipe_id, item_id, quantity) VALUES (157, 363, 3) ON CONFLICT (recipe_id, item_id) DO NOTHING;
INSERT INTO recipe_ingredients (recipe_id, item_id, quantity) VALUES (157, 13726, 3) ON CONFLICT (recipe_id, item_id) DO NOTHING;
INSERT INTO recipe_ingredients (recipe_id, item_id, quantity) VALUES (158, 377, 3) ON CONFLICT (recipe_id, item_id) DO NOTHING;
INSERT INTO recipe_ingredients (recipe_id, item_id, quantity) VALUES (158, 16440, 2) ON CONFLICT (recipe_id, item_id) DO NOTHING;
INSERT INTO recipe_ingredients (recipe_id, item_id, quantity) VALUES (159, 2467, 1) ON CONFLICT (recipe_id, item_id) DO NOTHING;
INSERT INTO recipe_ingredients (recipe_id, item_id, quantity) VALUES (159, 6845, 5) ON CONFLICT (recipe_id, item_id) DO NOTHING;
INSERT INTO recipe_ingredients (recipe_id, item_id, quantity) VALUES (159, 12745, 2) ON CONFLICT (recipe_id, item_id) DO NOTHING;
INSERT INTO recipe_ingredients (recipe_id, item_id, quantity) VALUES (160, 648, 8) ON CONFLICT (recipe_id, item_id) DO NOTHING;
INSERT INTO recipe_ingredients (recipe_id, item_id, quantity) VALUES (160, 650, 2) ON CONFLICT (recipe_id, item_id) DO NOTHING;
INSERT INTO recipe_ingredients (recipe_id, item_id, quantity) VALUES (160, 748, 2) ON CONFLICT (recipe_id, item_id) DO NOTHING;
INSERT INTO recipe_ingredients (recipe_id, item_id, quantity) VALUES (160, 2482, 8) ON CONFLICT (recipe_id, item_id) DO NOTHING;
INSERT INTO recipe_ingredients (recipe_id, item_id, quantity) VALUES (160, 11696, 1) ON CONFLICT (recipe_id, item_id) DO NOTHING;
INSERT INTO recipe_ingredients (recipe_id, item_id, quantity) VALUES (161, 747, 2) ON CONFLICT (recipe_id, item_id) DO NOTHING;
INSERT INTO recipe_ingredients (recipe_id, item_id, quantity) VALUES (161, 1674, 1) ON CONFLICT (recipe_id, item_id) DO NOTHING;
INSERT INTO recipe_ingredients (recipe_id, item_id, quantity) VALUES (161, 2491, 4) ON CONFLICT (recipe_id, item_id) DO NOTHING;
INSERT INTO recipe_ingredients (recipe_id, item_id, quantity) VALUES (165, 2491, 3) ON CONFLICT (recipe_id, item_id) DO NOTHING;
INSERT INTO recipe_ingredients (recipe_id, item_id, quantity) VALUES (165, 2563, 3) ON CONFLICT (recipe_id, item_id) DO NOTHING;
INSERT INTO recipe_ingredients (recipe_id, item_id, quantity) VALUES (180, 315, 3) ON CONFLICT (recipe_id, item_id) DO NOTHING;
INSERT INTO recipe_ingredients (recipe_id, item_id, quantity) VALUES (180, 2620, 6) ON CONFLICT (recipe_id, item_id) DO NOTHING;
INSERT INTO recipe_ingredients (recipe_id, item_id, quantity) VALUES (180, 2805, 2) ON CONFLICT (recipe_id, item_id) DO NOTHING;
INSERT INTO recipe_ingredients (recipe_id, item_id, quantity) VALUES (180, 8384, 1) ON CONFLICT (recipe_id, item_id) DO NOTHING;
INSERT INTO recipe_ingredients (recipe_id, item_id, quantity) VALUES (180, 14512, 17) ON CONFLICT (recipe_id, item_id) DO NOTHING;
INSERT INTO recipe_ingredients (recipe_id, item_id, quantity) VALUES (180, 14517, 1) ON CONFLICT (recipe_id, item_id) DO NOTHING;
INSERT INTO recipe_ingredients (recipe_id, item_id, quantity) VALUES (180, 14921, 2) ON CONFLICT (recipe_id, item_id) DO NOTHING;
INSERT INTO recipe_ingredients (recipe_id, item_id, quantity) VALUES (181, 748, 1) ON CONFLICT (recipe_id, item_id) DO NOTHING;
INSERT INTO recipe_ingredients (recipe_id, item_id, quantity) VALUES (181, 2288, 6) ON CONFLICT (recipe_id, item_id) DO NOTHING;
INSERT INTO recipe_ingredients (recipe_id, item_id, quantity) VALUES (181, 8738, 4) ON CONFLICT (recipe_id, item_id) DO NOTHING;
INSERT INTO recipe_ingredients (recipe_id, item_id, quantity) VALUES (181, 8747, 1) ON CONFLICT (recipe_id, item_id) DO NOTHING;
INSERT INTO recipe_ingredients (recipe_id, item_id, quantity) VALUES (183, 388, 3) ON CONFLICT (recipe_id, item_id) DO NOTHING;
INSERT INTO recipe_ingredients (recipe_id, item_id, quantity) VALUES (183, 16487, 1) ON CONFLICT (recipe_id, item_id) DO NOTHING;
INSERT INTO recipe_ingredients (recipe_id, item_id, quantity) VALUES (188, 312, 1) ON CONFLICT (recipe_id, item_id) DO NOTHING;
INSERT INTO recipe_ingredients (recipe_id, item_id, quantity) VALUES (188, 1984, 3) ON CONFLICT (recipe_id, item_id) DO NOTHING;
INSERT INTO recipe_ingredients (recipe_id, item_id, quantity) VALUES (194, 365, 3) ON CONFLICT (recipe_id, item_id) DO NOTHING;
INSERT INTO recipe_ingredients (recipe_id, item_id, quantity) VALUES (194, 6902, 3) ON CONFLICT (recipe_id, item_id) DO NOTHING;
INSERT INTO recipe_ingredients (recipe_id, item_id, quantity) VALUES (200, 748, 2) ON CONFLICT (recipe_id, item_id) DO NOTHING;
INSERT INTO recipe_ingredients (recipe_id, item_id, quantity) VALUES (200, 1891, 6) ON CONFLICT (recipe_id, item_id) DO NOTHING;
INSERT INTO recipe_ingredients (recipe_id, item_id, quantity) VALUES (200, 2496, 9) ON CONFLICT (recipe_id, item_id) DO NOTHING;
INSERT INTO recipe_ingredients (recipe_id, item_id, quantity) VALUES (200, 9386, 1) ON CONFLICT (recipe_id, item_id) DO NOTHING;
INSERT INTO recipe_ingredients (recipe_id, item_id, quantity) VALUES (200, 14463, 1) ON CONFLICT (recipe_id, item_id) DO NOTHING;
INSERT INTO recipe_ingredients (recipe_id, item_id, quantity) VALUES (201, 414, 7) ON CONFLICT (recipe_id, item_id) DO NOTHING;
INSERT INTO recipe_ingredients (recipe_id, item_id, quantity) VALUES (201, 2617, 5) ON CONFLICT (recipe_id, item_id) DO NOTHING;
INSERT INTO recipe_ingredients (recipe_id, item_id, quantity) VALUES (201, 8748, 1) ON CONFLICT (recipe_id, item_id) DO NOTHING;
INSERT INTO recipe_ingredients (recipe_id, item_id, quantity) VALUES (201, 13140, 2) ON CONFLICT (recipe_id, item_id) DO NOTHING;
INSERT INTO recipe_ingredients (recipe_id, item_id, quantity) VALUES (202, 413, 3) ON CONFLICT (recipe_id, item_id) DO NOTHING;
INSERT INTO recipe_ingredients (recipe_id, item_id, quantity) VALUES (202, 2540, 1) ON CONFLICT (recipe_id, item_id) DO NOTHING;
INSERT INTO recipe_ingredients (recipe_id, item_id, quantity) VALUES (202, 8385, 3) ON CONFLICT (recipe_id, item_id) DO NOTHING;
INSERT INTO recipe_ingredients (recipe_id, item_id, quantity) VALUES (202, 13339, 6) ON CONFLICT (recipe_id, item_id) DO NOTHING;
INSERT INTO recipe_ingredients (recipe_id, item_id, quantity) VALUES (203, 394, 4) ON CONFLICT (recipe_id, item_id) DO NOTHING;
INSERT INTO recipe_ingredients (recipe_id, item_id, quantity) VALUES (203, 450, 2) ON CONFLICT (recipe_id, item_id) DO NOTHING;
INSERT INTO recipe_ingredients (recipe_id, item_id, quantity) VALUES (203, 6842, 4) ON CONFLICT (recipe_id, item_id) DO NOTHING;
INSERT INTO recipe_ingredients (recipe_id, item_id, quantity) VALUES (204, 2273, 7) ON CONFLICT (recipe_id, item_id) DO NOTHING;
INSERT INTO recipe_ingredients (recipe_id, item_id, quantity) VALUES (204, 2540, 1) ON CONFLICT (recipe_id, item_id) DO NOTHING;
INSERT INTO recipe_ingredients (recipe_id, item_id, quantity) VALUES (204, 2566, 1) ON CONFLICT (recipe_id, item_id) DO NOTHING;
INSERT INTO recipe_ingredients (recipe_id, item_id, quantity) VALUES (204, 2647, 9) ON CONFLICT (recipe_id, item_id) DO NOTHING;
INSERT INTO recipe_ingredients (recipe_id, item_id, quantity) VALUES (204, 18385, 1) ON CONFLICT (recipe_id, item_id) DO NOTHING;
INSERT INTO recipe_ingredients (recipe_id, item_id, quantity) VALUES (208, 362, 3) ON CONFLICT (recipe_id, item_id) DO NOTHING;
INSERT INTO recipe_ingredients (recipe_id, item_id, quantity) VALUES (208, 16489, 2) ON CONFLICT (recipe_id, item_id) DO NOTHING;
INSERT INTO recipe_ingredients (recipe_id, item_id, quantity) VALUES (214, 747, 1) ON CONFLICT (recipe_id, item_id) DO NOTHING;
INSERT INTO recipe_ingredients (recipe_id, item_id, quantity) VALUES (214, 13726, 3) ON CONFLICT (recipe_id, item_id) DO NOTHING;
INSERT INTO recipe_ingredients (recipe_id, item_id, quantity) VALUES (218, 288, 1) ON CONFLICT (recipe_id, item_id) DO NOTHING;
INSERT INTO recipe_ingredients (recipe_id, item_id, quantity) VALUES (218, 378, 1) ON CONFLICT (recipe_id, item_id) DO NOTHING;
INSERT INTO recipe_ingredients (recipe_id, item_id, quantity) VALUES (218, 2539, 2) ON CONFLICT (recipe_id, item_id) DO NOTHING;
INSERT INTO recipe_ingredients (recipe_id, item_id, quantity) VALUES (219, 648, 9) ON CONFLICT (recipe_id, item_id) DO NOTHING;
INSERT INTO recipe_ingredients (recipe_id, item_id, quantity) VALUES (219, 2320, 1) ON CONFLICT (recipe_id, item_id) DO NOTHING;
INSERT INTO recipe_ingredients (recipe_id, item_id, quantity) VALUES (219, 2540, 2) ON CONFLICT (recipe_id, item_id) DO NOTHING;
INSERT INTO recipe_ingredients (recipe_id, item_id, quantity) VALUES (219, 9385, 1) ON CONFLICT (recipe_id, item_id) DO NOTHING;
INSERT INTO recipe_ingredients (recipe_id, item_id, quantity) VALUES (219, 14462, 8) ON CONFLICT (recipe_id, item_id) DO NOTHING;
INSERT INTO recipe_ingredients (recipe_id, item_id, quantity) VALUES (220, 1613, 11) ON CONFLICT (recipe_id, item_id) DO NOTHING;
INSERT INTO recipe_ingredients (recipe_id, item_id, quantity) VALUES (220, 2543, 1) ON CONFLICT (recipe_id, item_id) DO NOTHING;
INSERT INTO recipe_ingredients (recipe_id, item_id, quantity) VALUES (220, 2552, 1) ON CONFLICT (recipe_id, item_id) DO NOTHING;
INSERT INTO recipe_ingredients (recipe_id, item_id, quantity) VALUES (220, 8995, 1) ON CONFLICT (recipe_id, item_id) DO NOTHING;
INSERT INTO recipe_ingredients (recipe_id, item_id, quantity) VALUES (220, 14284, 10) ON CONFLICT (recipe_id, item_id) DO NOTHING;
INSERT INTO recipe_ingredients (recipe_id, item_id, quantity) VALUES (224, 371, 1) ON CONFLICT (recipe_id, item_id) DO NOTHING;
INSERT INTO recipe_ingredients (recipe_id, item_id, quantity) VALUES (224, 6899, 3) ON CONFLICT (recipe_id, item_id) DO NOTHING;
INSERT INTO recipe_ingredients (recipe_id, item_id, quantity) VALUES (230, 2662, 1) ON CONFLICT (recipe_id, item_id) DO NOTHING;
INSERT INTO recipe_ingredients (recipe_id, item_id, quantity) VALUES (230, 6900, 3) ON CONFLICT (recipe_id, item_id) DO NOTHING;
INSERT INTO recipe_ingredients (recipe_id, item_id, quantity) VALUES (233, 479, 6) ON CONFLICT (recipe_id, item_id) DO NOTHING;
INSERT INTO recipe_ingredients (recipe_id, item_id, quantity) VALUES (233, 750, 2) ON CONFLICT (recipe_id, item_id) DO NOTHING;
INSERT INTO recipe_ingredients (recipe_id, item_id, quantity) VALUES (233, 2645, 3) ON CONFLICT (recipe_id, item_id) DO NOTHING;
INSERT INTO recipe_ingredients (recipe_id, item_id, quantity) VALUES (233, 8391, 18) ON CONFLICT (recipe_id, item_id) DO NOTHING;
INSERT INTO recipe_ingredients (recipe_id, item_id, quantity) VALUES (233, 8392, 17) ON CONFLICT (recipe_id, item_id) DO NOTHING;
INSERT INTO recipe_ingredients (recipe_id, item_id, quantity) VALUES (233, 13366, 1) ON CONFLICT (recipe_id, item_id) DO NOTHING;
INSERT INTO recipe_ingredients (recipe_id, item_id, quantity) VALUES (233, 16181, 1) ON CONFLICT (recipe_id, item_id) DO NOTHING;
INSERT INTO recipe_ingredients (recipe_id, item_id, quantity) VALUES (234, 480, 1) ON CONFLICT (recipe_id, item_id) DO NOTHING;
INSERT INTO recipe_ingredients (recipe_id, item_id, quantity) VALUES (234, 748, 2) ON CONFLICT (recipe_id, item_id) DO NOTHING;
INSERT INTO recipe_ingredients (recipe_id, item_id, quantity) VALUES (234, 2436, 4) ON CONFLICT (recipe_id, item_id) DO NOTHING;
INSERT INTO recipe_ingredients (recipe_id, item_id, quantity) VALUES (234, 8397, 2) ON CONFLICT (recipe_id, item_id) DO NOTHING;
INSERT INTO recipe_ingredients (recipe_id, item_id, quantity) VALUES (234, 8483, 6) ON CONFLICT (recipe_id, item_id) DO NOTHING;
INSERT INTO recipe_ingredients (recipe_id, item_id, quantity) VALUES (235, 306, 3) ON CONFLICT (recipe_id, item_id) DO NOTHING;
INSERT INTO recipe_ingredients (recipe_id, item_id, quantity) VALUES (235, 6903, 3) ON CONFLICT (recipe_id, item_id) DO NOTHING;
INSERT INTO recipe_ingredients (recipe_id, item_id, quantity) VALUES (236, 300, 4) ON CONFLICT (recipe_id, item_id) DO NOTHING;
INSERT INTO recipe_ingredients (recipe_id, item_id, quantity) VALUES (236, 643, 2) ON CONFLICT (recipe_id, item_id) DO NOTHING;
INSERT INTO recipe_ingredients (recipe_id, item_id, quantity) VALUES (236, 747, 2) ON CONFLICT (recipe_id, item_id) DO NOTHING;
